sweep,exposure,seq_num,focus_z,physical_filter,rms_px,fwhm_px,qfm_fwhm,peak
20260623_379-391,2026062300379,379,0.0254200510680676,empty~empty,14.260125335085691,33.5825951641268,1.4625233576722867,97032.349609375
20260623_379-391,2026062300380,380,0.0254450514912605,empty~empty,14.116854547376697,33.24519245907212,1.3264390066924088,97522.0478515625
20260623_379-391,2026062300381,381,0.0254700519144535,empty~empty,14.337561475665089,33.764957275191286,1.4118817649474789,100187.5029296875
20260623_379-391,2026062300382,382,0.0254850517958403,empty~empty,14.230890227010791,33.513746484610415,1.3233668024578922,101178.69775390625
20260623_379-391,2026062300383,383,0.0254950504750013,empty~empty,14.020865120097664,33.01913735783,1.3569715321522915,97460.634765625
20260623_379-391,2026062300384,384,0.0255100503563881,empty~empty,14.075386390951909,33.14753495069174,1.3288115880529834,101512.57177734375
20260623_379-391,2026062300385,385,0.0255200508981943,empty~empty,14.169386733609507,33.36890575765039,1.4032203855202683,98510.64990234375
20260623_379-391,2026062300386,386,0.0255300514400005,empty~empty,14.394041023810004,33.89796661107256,1.5476940097858511,100126.57690429688
20260623_379-391,2026062300387,387,0.0255450513213873,empty~empty,14.167273772018822,33.36392973310433,1.360723758864753,99014.70776367188
20260623_379-391,2026062300388,388,0.0255550518631935,empty~empty,14.22880976570694,33.50884699823984,1.5709851917832416,98799.46166992188
20260623_379-391,2026062300389,389,0.0255700517445803,empty~empty,14.017453231530306,33.01110236025387,1.3140767869315555,101170.8974609375
20260623_379-391,2026062300390,390,0.0255950503051281,empty~empty,14.212042031815416,33.46935898492531,1.5880817073524391,99446.44262695312
20260623_379-391,2026062300391,391,0.0256200507283211,empty~empty,14.197939033992954,33.43614642505341,1.6052307200680032,99820.31762695312
20260623_457-481,2026062300457,457,0.02542005106806755,empty~empty,8.936503446629581,21.045465616812663,1.454695609733246,57917.45799255371
20260623_457-481,2026062300458,458,0.02544505149126053,empty~empty,9.11235961437413,21.459606891851077,1.4309767257140962,57956.92842102051
20260623_457-481,2026062300459,459,0.025470051914453506,empty~empty,8.859907433297098,20.865082005414664,1.3734499788092513,61999.48252868652
20260623_457-481,2026062300460,460,0.025485051795840263,empty~empty,8.75490585113573,20.617803279424642,1.3903503865854727,60314.834396362305
20260623_457-481,2026062300461,461,0.025495050475001335,empty~empty,9.30800014978777,21.9203403527502,1.547029754005038,50758.42022705078
20260623_457-481,2026062300462,462,0.025510050356388092,empty~empty,8.617281237294808,20.293697313829274,1.3806554043274482,64038.406814575195
20260623_457-481,2026062300463,463,0.025520050898194313,empty~empty,8.950286150921656,21.0779238854205,1.3743119610006653,63353.11196899414
20260623_457-481,2026062300464,464,0.025530051440000534,empty~empty,10.40106755960556,24.494514102871094,1.323478108645788,56330.25633239746
20260623_457-481,2026062300465,465,0.02554505132138729,empty~empty,32.447556800892656,76.4139962661022,30.683437811159877,24416.69451904297
20260623_457-481,2026062300466,466,0.025555051863193512,empty~empty,32.1344000216111,75.67651205089415,32.5974911977015,28626.9501953125
20260623_457-481,2026062300467,467,0.02557005174458027,empty~empty,26.299030090940697,61.93421586416534,24.577664292656895,553.131462097168
20260623_457-481,2026062300468,468,0.025595050305128098,empty~empty,28.463694441095203,67.0320004087792,17.66349332669001,297.7124328613281
20260623_457-481,2026062300469,469,0.025620050728321075,empty~empty,25.858805468871928,60.89748687919339,3.161899608647885,426.0569076538086
20260623_457-481,2026062300470,470,0.02542005106806755,empty~empty,25.65556539952288,60.418856515876385,0.5438307055952447,4129.883560180664
20260623_457-481,2026062300471,471,0.02544505149126053,empty~empty,25.399203032632993,59.8151231418507,0.6387040063792042,1701.1374740600586
20260623_457-481,2026062300472,472,0.025470051914453506,empty~empty,25.905961554521785,61.0085394608988,11.526392913097062,1034.2515106201172
20260623_457-481,2026062300473,473,0.025485051795840263,empty~empty,32.13838582360089,75.6858986145801,36.263731582907376,433.84706115722656
20260623_457-481,2026062300474,474,0.025495050475001335,empty~empty,25.242847701349465,59.44690633667799,69.27443494153688,1227.194808959961
20260623_457-481,2026062300475,475,0.025510050356388092,empty~empty,25.047492763291327,58.98684545755108,21.212507557871376,1377.4048614501953
20260623_457-481,2026062300477,477,0.025530051440000534,empty~empty,27.35207945800164,64.41414712359386,0.7688684675225493,467.9910125732422
20260623_457-481,2026062300478,478,0.02554505132138729,empty~empty,26.83056216562962,63.18597390005775,0.06505632631669153,388.38844299316406
20260623_457-481,2026062300479,479,0.025555051863193512,empty~empty,25.295118149381484,59.570003241793394,52.32211486881832,1132.1904678344727
20260623_457-481,2026062300480,480,0.02557005174458027,empty~empty,25.493861573667854,60.03804400598779,12.25919213950116,1109.0325317382812
20260623_457-481,2026062300481,481,0.025595050305128098,empty~empty,25.06783406638221,59.034749226330106,39.44631605553023,1383.350486755371
20260623_488-500,2026062300488,488,-0.013178544119000435,empty~empty,15.016844898810835,35.36466973669952,1.3431375284127647,97953.8828125
20260623_488-500,2026062300489,489,-0.013153544627130032,empty~empty,14.899778881572354,35.088979266102896,1.389035489777731,96246.8818359375
20260623_488-500,2026062300490,490,-0.013128544203937054,empty~empty,14.996600087579477,35.31699320624967,1.4580811227750927,97089.9931640625
20260623_488-500,2026062300491,491,-0.013113544322550297,empty~empty,14.773466462764604,34.79151351981064,1.1732562427864663,97178.42651367188
20260623_488-500,2026062300492,492,-0.01310354471206665,empty~empty,14.844301333995428,34.95832964155923,1.2565743901419348,96922.86889648438
20260623_488-500,2026062300493,493,-0.013088543899357319,empty~empty,14.901999984295232,35.094209963015274,1.278770048608255,96890.47265625
20260623_488-500,2026062300494,494,-0.013078544288873672,empty~empty,14.916957070621478,35.12943390131358,1.3538242763918227,97185.7744140625
20260623_488-500,2026062300495,495,-0.013068544678390026,empty~empty,14.797572049255114,34.84828217599579,1.1919243951465506,97894.9580078125
20260623_488-500,2026062300496,496,-0.013053543865680695,empty~empty,14.794967168536415,34.842147681903256,1.2510963392325567,96850.08203125
20260623_488-500,2026062300497,497,-0.013043544255197048,empty~empty,14.95653028280352,35.22262881600229,1.284889510227935,99394.44873046875
20260623_488-500,2026062300498,498,-0.013028544373810291,empty~empty,14.747477942959168,34.730310555668844,1.1915729217930835,99564.24780273438
20260623_488-500,2026062300499,499,-0.013003543950617313,empty~empty,14.821147664993074,34.90380275105869,1.2000578849036396,97197.50732421875
20260623_488-500,2026062300500,500,-0.01297854445874691,empty~empty,14.855940736413029,34.98574043425268,1.1852487625381003,96852.38818359375
20260624_602-616,2026062400602,602,-0.103141866624355,empty~empty,14.379998005508769,33.86489530297315,2.117848768481994,73745.65063476562
20260624_602-616,2026062400603,603,-0.0781418606638908,empty~empty,14.099564548027228,33.20447451060412,1.7811566731033126,52379.96618652344
20260624_602-616,2026062400604,604,-0.053141862154007,empty~empty,13.935794964233798,32.81879714077059,1.5518915087690677,50868.38854980469
20260624_602-616,2026062400605,605,-0.0281418617814779,empty~empty,13.796116757076282,32.48985496291464,1.257418046199981,53616.97229003906
20260624_602-616,2026062400606,606,-0.0181418620049953,empty~empty,13.860814864159195,32.6422190050949,1.5240624153671702,59560.69689941406
20260624_602-616,2026062400607,607,-0.0131418621167541,empty~empty,13.771208215657808,32.43119534787414,1.3152995131546263,49677.07067871094
20260624_602-616,2026062400608,608,-0.00814186222851276,empty~empty,13.870808377920566,32.66575373000293,1.3716879544450207,52397.34716796875
20260624_602-616,2026062400609,609,-0.00314186257310212,empty~empty,14.004525493270112,32.980657536651115,1.6540377617115336,61870.70458984375
20260624_602-616,2026062400610,610,0.00185813731513917,empty~empty,13.883285938079286,32.695138384176715,1.4603269650436406,62627.12219238281
20260624_602-616,2026062400611,611,0.00685813743621111,empty~empty,13.75684099335799,32.39736053935807,1.2807147186533807,47476.98693847656
20260624_602-616,2026062400612,612,0.0118581373244524,empty~empty,13.71160988066901,32.29084126897552,1.3682731539968427,61511.72705078125
20260624_602-616,2026062400613,613,0.021858137100935,empty~empty,13.833313473358894,32.577453229760195,1.581539295086829,55639.66552734375
20260624_602-616,2026062400614,614,0.0468581356108189,empty~empty,13.745903099419872,32.3716017991338,0.6980434041960013,53885.96203613281
20260624_602-616,2026062400615,615,0.071858137845993,empty~empty,13.741909050076101,32.362195812929215,1.6606819652074059,55646.8291015625
20260624_602-616,2026062400616,616,0.0968581363558769,empty~empty,14.189349526991087,33.41591813606401,1.4729896949568604,104599.07641601562
20260624_692-706,2026062400692,692,-0.10314187407493591,empty~empty,12.39051528253608,29.17966349037247,0.7103030662878623,100292.6742553711
20260624_692-706,2026062400693,693,-0.07814187556505203,empty~empty,11.966176089360854,28.18034469044481,1.2422993341651418,102629.060546875
20260624_692-706,2026062400694,694,-0.05314187332987785,empty~empty,11.76683908509814,27.71090604540612,1.3710776735186867,102462.02081298828
20260624_692-706,2026062400695,695,-0.028141872957348824,empty~empty,11.804158147226651,27.798792436718763,1.239485018182055,103165.87567138672
20260624_692-706,2026062400696,696,-0.01814187318086624,empty~empty,11.806704194979535,27.804788379176802,1.302630701449236,101926.88507080078
20260624_692-706,2026062400697,697,-0.01314187329262495,empty~empty,11.869379304759676,27.952388262709036,1.320499597252807,100782.68212890625
20260624_692-706,2026062400698,698,-0.00814187340438366,empty~empty,11.913911003699742,28.057260413712893,1.4203113414213884,103410.4408569336
20260624_692-706,2026062400699,699,-0.003141873748973012,empty~empty,11.709968048442336,27.5769747540817,1.2665026638374544,102449.42761230469
20260624_692-706,2026062400700,700,0.001858126139268279,empty~empty,11.672298798799229,27.488263671172184,1.2231317658083998,101524.34899902344
20260624_692-706,2026062400701,701,0.006858126260340214,empty~empty,11.64457175034157,27.422966472054394,1.394347011945865,100728.38110351562
20260624_692-706,2026062400702,702,0.011858126148581505,empty~empty,11.876378756805861,27.968871972277803,1.5579411389737752,103828.17791748047
20260624_692-706,2026062400703,703,0.021858125925064087,empty~empty,11.842296821058087,27.888609013591793,1.4709575117681875,101109.20416259766
20260624_692-706,2026062400704,704,0.04685812443494797,empty~empty,11.776008805451376,27.73250073683799,1.7496320630192885,104149.20837402344
20260624_692-706,2026062400705,705,0.07185812294483185,empty~empty,12.349590971642444,29.083286738217954,2.178490580865153,109458.0771484375
20260624_692-706,2026062400706,706,0.09685812890529633,empty~empty,12.666300953991657,29.82913874665035,2.5104100271423766,108462.14758300781
20260630_96-110,2026063000096,96,-0.192699819803238,empty~SDSSy_65mm,13.721583467301883,32.31432906549593,2.626772139624326,25299.16094970703
20260630_96-110,2026063000097,97,-0.14269982278347,empty~SDSSy_65mm,12.596829509620193,29.665533495155554,0.696047145385898,24808.1815032959
20260630_96-110,2026063000098,98,-0.0926998257637024,empty~SDSSy_65mm,10.022110157850689,23.60206942173837,0.6891579140876398,43742.479347229004
20260630_96-110,2026063000099,99,-0.0676998198032379,empty~SDSSy_65mm,10.164060596123779,23.9363627038715,1.2533845359045839,55297.41390991211
20260630_96-110,2026063000100,100,-0.042699821293354,empty~SDSSy_65mm,9.260796176251572,21.809174995072453,1.4524903731951597,77338.46524810791
20260630_96-110,2026063000101,101,-0.017699820920825,empty~SDSSy_65mm,8.338926084405939,19.638170928775985,0.9481139806050045,109131.59577178955
20260630_96-110,2026063000102,102,-0.00269982148893178,empty~SDSSy_65mm,8.2620536991187,19.45713646142454,0.9651064432246751,104964.65316009521
20260630_96-110,2026063000103,103,0.00730017852038145,empty~SDSSy_65mm,8.68712696166649,20.458183994724582,1.2322014135433528,88667.99555206299
20260630_96-110,2026063000104,104,0.0173001773655415,empty~SDSSy_65mm,8.664179740947203,20.404143289930662,1.214272798510213,82579.04071807861
20260630_96-110,2026063000105,105,0.0323001779615879,empty~SDSSy_65mm,9.290831676282599,21.87990859764552,1.1103568797428454,52946.34735107422
20260630_96-110,2026063000106,106,0.0573001764714718,empty~SDSSy_65mm,9.970022679330077,23.479403409822332,1.3106262226244718,42941.58445739746
20260630_96-110,2026063000107,107,0.082300178706646,empty~SDSSy_65mm,9.62521705398096,22.667386162125158,1.3105798458680207,42444.16961669922
20260630_96-110,2026063000108,108,0.10730017721653,empty~SDSSy_65mm,10.436823605493965,24.578719590938288,1.3773690350334513,35207.805099487305
20260630_96-110,2026063000109,109,0.157300174236298,empty~SDSSy_65mm,11.645223255893097,27.424500767628242,0.696467470209936,23103.625900268555
20260630_96-110,2026063000110,110,0.207300186157227,empty~SDSSy_65mm,13.968410815955611,32.89560747157547,2.4420090746465144,14254.890731811523
20260630_186-200,2026063000186,186,-0.192699834704399,empty~SDSSy_65mm,14.1154285546437,33.24183424618591,0.7306061638477452,19740.77732849121
20260630_186-200,2026063000187,187,-0.142699837684631,empty~SDSSy_65mm,12.900290968925988,30.380185231820704,3.631308916914348,22383.485870361328
20260630_186-200,2026063000188,188,-0.092699833214283,empty~SDSSy_65mm,11.247636389445546,26.48818369714426,0.7232467695235809,29532.62464904785
20260630_186-200,2026063000189,189,-0.0676998347043991,empty~SDSSy_65mm,9.589464346345247,22.583188535643057,0.6842316358099565,67712.82096862793
20260630_186-200,2026063000190,190,-0.0426998324692249,empty~SDSSy_65mm,9.206922841589837,21.682303291944066,1.531429752718675,62841.77623748779
20260630_186-200,2026063000191,191,-0.0176998320966959,empty~SDSSy_65mm,8.301778359076746,19.550688035625736,0.9644492259087281,103605.26211547852
20260630_186-200,2026063000192,192,-0.00269983266480267,empty~SDSSy_65mm,8.684516883436562,20.452037260493103,1.134462196462652,96327.20260620117
20260630_186-200,2026063000193,193,0.00730016734451056,empty~SDSSy_65mm,9.131621443375705,21.504968499149786,1.4562284839082555,74420.39853668213
20260630_186-200,2026063000194,194,0.0173001661896706,empty~SDSSy_65mm,8.488638604271053,19.990743913058328,1.239176898230005,104605.56014251709
20260630_186-200,2026063000195,195,0.032300166785717,empty~SDSSy_65mm,8.546735024406422,20.127560982477124,1.3766491931847833,86336.50741577148
20260630_186-200,2026063000196,196,0.0573001652956009,empty~SDSSy_65mm,8.559838986251627,20.15842081262258,1.1712659417004203,98048.95683288574
20260630_186-200,2026063000197,197,0.0823001638054848,empty~SDSSy_65mm,9.421731929963373,22.188178695063744,1.8718946256645543,56491.65966796875
20260630_186-200,2026063000198,198,0.107300169765949,empty~SDSSy_65mm,9.738050862878945,22.933109782079914,1.954852530649363,39607.3053817749
20260630_186-200,2026063000199,199,0.157300174236298,empty~SDSSy_65mm,11.40225533031343,26.85231130288813,0.711013316237205,26401.94873046875
20260630_186-200,2026063000200,200,0.207300171256065,empty~SDSSy_65mm,14.296492648832077,33.668240187999544,0.7258972444966653,17115.139556884766
